{
  "video_name": "ezviz_security_camera_night_vision_sample_footage.mp4",
  "total_frames": 2424,
  "fps": 59.94005994005994,
  "frames_with_person": 343,
  "frames_with_pose": 275,
  "keypoint_counts": [
    28,
    28,
    28,
    26,
    27,
    27,
    29,
    30,
    33,
    33,
    33,
    33,
    33,
    33,
    33,
    33,
    33,
    33,
    33,
    33,
    32,
    32,
    30,
    29,
    29,
    28,
    28,
    28,
    28,
    28,
    28,
    28,
    28,
    29,
    30,
    30,
    30,
    30,
    29,
    28,
    28,
    28,
    28,
    28,
    28,
    28,
    28,
    28,
    28,
    27,
    27,
    27,
    27,
    27,
    27,
    27,
    27,
    27,
    27,
    27,
    26,
    26,
    26,
    26,
    26,
    26,
    26,
    26,
    26,
    26,
    26,
    26,
    26,
    26,
    26,
    26,
    26,
    26,
    26,
    26,
    26,
    26,
    26,
    26,
    25,
    25,
    25,
    25,
    22,
    21,
    21,
    21,
    21,
    21,
    22,
    25,
    26,
    26,
    26,
    26,
    26,
    21,
    21,
    21,
    21,
    21,
    21,
    21,
    21,
    21,
    21,
    21,
    21,
    21,
    21,
    21,
    21,
    21,
    20,
    20,
    20,
    20,
    21,
    21,
    21,
    20,
    20,
    20,
    21,
    21,
    21,
    21,
    21,
    21,
    21,
    20,
    20,
    20,
    20,
    20,
    20,
    20,
    20,
    20,
    20,
    20,
    20,
    20,
    20,
    20,
    20,
    20,
    20,
    20,
    20,
    20,
    21,
    21,
    21,
    22,
    22,
    22,
    22,
    22,
    21,
    21,
    22,
    22,
    22,
    24,
    27,
    27,
    27,
    27,
    27,
    27,
    27,
    27,
    27,
    27,
    27,
    27,
    27,
    27,
    27,
    27,
    28,
    28,
    27,
    27,
    27,
    27,
    27,
    27,
    27,
    27,
    27,
    27,
    27,
    27,
    24,
    23,
    23,
    24,
    27,
    27,
    27,
    26,
    27,
    27,
    27,
    27,
    27,
    27,
    27,
    26,
    26,
    22,
    22,
    22,
    22,
    22,
    25,
    25,
    24,
    25,
    24,
    21,
    21,
    21,
    21,
    21,
    21,
    21,
    21,
    21,
    21,
    21,
    21,
    21,
    21,
    21,
    21,
    21,
    21,
    21,
    21,
    21,
    21,
    21,
    21,
    21,
    21,
    21,
    21,
    22,
    22,
    22,
    22,
    22,
    22,
    22,
    22,
    22,
    22,
    21,
    22,
    21,
    21,
    20,
    17,
    17,
    17,
    17,
    17
  ],
  "confidence_scores": [
    0.7670307227156379,
    0.753558255054734,
    0.7384933766090509,
    0.7321121873277606,
    0.7456422836491556,
    0.7629125027945547,
    0.7783346528356726,
    0.792301230358355,
    0.8078347173604098,
    0.819444811705387,
    0.8304998766292225,
    0.8409344517823422,
    0.8452943129972978,
    0.8481514056523641,
    0.8508728164615054,
    0.853800786264015,
    0.850286248958472,
    0.8494099739826086,
    0.8484510183334351,
    0.846947274424813,
    0.8447641504533363,
    0.8420461714267731,
    0.8393039260849808,
    0.8379420331030181,
    0.8390720884005228,
    0.83704915191188,
    0.8360184828440348,
    0.8360742881442561,
    0.8368841987667661,
    0.8403377785827174,
    0.8428775008880731,
    0.842272420724233,
    0.8475764727953708,
    0.8542587233312202,
    0.8609567221366998,
    0.8648275868459181,
    0.863122104695349,
    0.8613795394247229,
    0.8582891018101664,
    0.8548048743695924,
    0.8467253573013075,
    0.8388241917798014,
    0.8333658865003875,
    0.8248396380381151,
    0.8285883692177859,
    0.8325064037785386,
    0.8353213162133188,
    0.8383712253787301,
    0.8352508057247509,
    0.8323985320149045,
    0.82956580230684,
    0.8278890852675294,
    0.8252275071360848,
    0.8237744371096293,
    0.8222808648239482,
    0.819246408162695,
    0.8145083487033844,
    0.8107173668615746,
    0.8077370479251399,
    0.8044689681493875,
    0.7985753647305749,
    0.7941987925406658,
    0.7899744740941308,
    0.7860772596164183,
    0.7851902761242606,
    0.7844160454291286,
    0.7810948299187602,
    0.7774789904554685,
    0.7663557897462989,
    0.7547841674902223,
    0.7467685195081162,
    0.7425396106008327,
    0.7474107399131312,
    0.7461606419899247,
    0.7422452345490456,
    0.740360674532977,
    0.7407899580218575,
    0.7349976932234836,
    0.7305802063960017,
    0.7258730954067274,
    0.7267803325120247,
    0.7277359296426629,
    0.7289180021845933,
    0.7320906878872351,
    0.7283921466406548,
    0.7231185491563696,
    0.717288685906114,
    0.7140220668957089,
    0.7122263542630456,
    0.7121247149100809,
    0.7109770176537109,
    0.710802604980541,
    0.7121967155147683,
    0.7194287038662217,
    0.7256133289951266,
    0.7282285968011076,
    0.7305963213245074,
    0.735578228578423,
    0.7367709482258017,
    0.7395940093380032,
    0.7321368593609694,
    0.7256337162671667,
    0.7166407684033568,
    0.7117388539693572,
    0.7057348288821451,
    0.7002031851672765,
    0.6989306168574275,
    0.6953520313131086,
    0.6937223315013178,
    0.6926243562589992,
    0.6892466583486759,
    0.687291609970006,
    0.6759008070961996,
    0.6700046072629365,
    0.6651719016107646,
    0.6593244764389414,
    0.6571717281458955,
    0.6555558881073287,
    0.6537956866351041,
    0.652016062402364,
    0.646881851734537,
    0.6455241410118161,
    0.6445698820506082,
    0.6444925138670387,
    0.6412730422435384,
    0.6379155459051783,
    0.6364000584139968,
    0.6337992737464833,
    0.6342347887429324,
    0.6300808624787764,
    0.6262034748991331,
    0.6196604097882906,
    0.6108776385133917,
    0.6079256821310881,
    0.6051693723508806,
    0.6046546961773526,
    0.6064408880968889,
    0.6044238852054784,
    0.6039598860749693,
    0.6031127375635233,
    0.5971242309068189,
    0.593772858494159,
    0.5917350556136984,
    0.5901171423946366,
    0.5885404255805593,
    0.5873026881705631,
    0.5869562650720278,
    0.5898260942688494,
    0.5975114556424546,
    0.6012477700908979,
    0.6045360904977177,
    0.6055508006476995,
    0.6058699076600147,
    0.6093348101007215,
    0.6129739142277024,
    0.621278362518007,
    0.6405287010200096,
    0.6518737064166502,
    0.6602146487795946,
    0.6725793009003004,
    0.6730071590705351,
    0.6667315521926591,
    0.6696482065952185,
    0.668523962299029,
    0.6753684173930775,
    0.6846321324507395,
    0.6936859018874891,
    0.7026385962963104,
    0.7098653289404783,
    0.7155215505397681,
    0.7217935531428366,
    0.7340815419500525,
    0.7398312398881624,
    0.7435039895953555,
    0.7495469816706397,
    0.7577898953900193,
    0.7645416675191937,
    0.7715464758150505,
    0.7793370611739882,
    0.7819394740191373,
    0.786108234615037,
    0.7903158429897192,
    0.7932090100013849,
    0.7959982373497703,
    0.7994750277562575,
    0.8032014333840573,
    0.8065061352469705,
    0.8069556518034502,
    0.8047772140213938,
    0.8007641741723726,
    0.8003980246457186,
    0.7974110056053508,
    0.7978069863536141,
    0.7954515877998236,
    0.7940872257406061,
    0.7884757572954352,
    0.7902631723519528,
    0.7893219210884788,
    0.7880716387069586,
    0.787000037503965,
    0.7886206471558773,
    0.7889669799443447,
    0.7887590970053817,
    0.7864290611310438,
    0.7861505340446125,
    0.7840711203488436,
    0.7800148608106555,
    0.779751925757437,
    0.7812084411129807,
    0.7852172892202031,
    0.7870050325538173,
    0.7828185391245466,
    0.7875805980328358,
    0.7908289048707846,
    0.7918724214488809,
    0.782129096713933,
    0.7727377581776995,
    0.7664389086492134,
    0.759537703611634,
    0.7529657799186129,
    0.7523815388029272,
    0.7537941413395333,
    0.7551569112322547,
    0.7534864070740613,
    0.7510526582147136,
    0.7502212845014803,
    0.7465742830977296,
    0.7406402067704634,
    0.7366745268756693,
    0.7337225607850335,
    0.729940594145746,
    0.7315709861842069,
    0.7320826640634825,
