{
  "video_name": "hikvision_ds_2cd1143g2_liu_sample_footage.mp4",
  "total_frames": 439,
  "fps": 25.0,
  "frames_with_person": 393,
  "frames_with_pose": 247,
  "keypoint_counts": [
    22,
    19,
    18,
    19,
    19,
    20,
    21,
    23,
    23,
    24,
    24,
    24,
    24,
    25,
    24,
    25,
    28,
    22,
    21,
    21,
    22,
    23,
    23,
    23,
    23,
    22,
    22,
    23,
    23,
    23,
    23,
    26,
    26,
    26,
    27,
    33,
    33,
    33,
    33,
    33,
    33,
    33,
    33,
    33,
    33,
    33,
    33,
    33,
    33,
    33,
    33,
    32,
    30,
    30,
    29,
    29,
    29,
    29,
    29,
    29,
    29,
    29,
    30,
    30,
    30,
    30,
    31,
    32,
    32,
    32,
    32,
    32,
    32,
    32,
    33,
    33,
    32,
    30,
    30,
    30,
    26,
    25,
    25,
    25,
    25,
    25,
    25,
    25,
    25,
    25,
    25,
    25,
    25,
    25,
    25,
    25,
    24,
    23,
    23,
    23,
    24,
    24,
    24,
    24,
    23,
    23,
    23,
    22,
    22,
    22,
    22,
    23,
    23,
    23,
    23,
    22,
    22,
    21,
    21,
    21,
    21,
    21,
    21,
    21,
    21,
    21,
    21,
    21,
    21,
    21,
    21,
    21,
    21,
    21,
    21,
    21,
    21,
    22,
    22,
    22,
    23,
    23,
    24,
    24,
    25,
    27,
    28,
    28,
    28,
    29,
    29,
    30,
    31,
    32,
    32,
    32,
    32,
    32,
    32,
    32,
    33,
    32,
    32,
    32,
    32,
    32,
    33,
    33,
    33,
    33,
    33,
    33,
    33,
    33,
    33,
    33,
    33,
    33,
    33,
    33,
    32,
    32,
    32,
    32,
    32,
    32,
    32,
    32,
    33,
    33,
    33,
    33,
    33,
    33,
    33,
    33,
    33,
    33,
    33,
    33,
    33,
    33,
    33,
    33,
    33,
    33,
    33,
    33,
    33,
    33,
    33,
    33,
    33,
    33,
    33,
    33,
    33,
    33,
    33,
    33,
    33,
    33,
    33,
    33,
    33,
    33,
    33,
    33,
    33,
    33,
    33,
    33,
    33,
    33,
    32,
    32,
    32,
    32,
    32,
    32,
    33,
    33,
    33,
    33,
    33,
    33,
    33
  ],
  "confidence_scores": [
    0.6680232819282648,
    0.6725072738799182,
    0.6729502045747006,
    0.6729166412895377,
    0.675241434212887,
    0.6805165319731741,
    0.6866401334603628,
    0.6985710759957632,
    0.7076128025849661,
    0.710419936613603,
    0.715784779100707,
    0.7247978457898805,
    0.7368280282526305,
    0.7385067334680846,
    0.7344606843861666,
    0.7394639949003855,
    0.7463120014378519,
    0.7342485920949415,
    0.7269431271336295,
    0.7217071173769055,
    0.7183654100605936,
    0.7159075746030519,
    0.712131841616197,
    0.7110885399760623,
    0.7032874506531339,
    0.6936340819705616,
    0.6948447146198966,
    0.706229081659606,
    0.7168463441458616,
    0.728084761988033,
    0.7440610365434126,
    0.7629055281480154,
    0.7682854966683821,
    0.7757705341685902,
    0.7772960563500723,
    0.7888169433131362,
    0.7947658733888106,
    0.79981047818155,
    0.8016883748950381,
    0.8071407206130751,
    0.8129348032402269,
    0.8089055996952634,
    0.814328468207157,
    0.8189984505826776,
    0.8297818646286473,
    0.8408823482918016,
    0.8468027331612327,
    0.8520354086702521,
    0.8532120404821454,
    0.8455090450518059,
    0.843278144345139,
    0.8331870897249742,
    0.822287428559679,
    0.8222940970550884,
    0.8212336681105874,
    0.8188110102306713,
    0.8206817489681821,
    0.8289329102545073,
    0.8324548836910364,
    0.8370369474093119,
    0.8360514324722867,
    0.8392807922580026,
    0.8424215759291793,
    0.8454953874602462,
    0.8396690379489552,
    0.8344192712595968,
    0.8307511725208976,
    0.8340148338765809,
    0.8392278254032135,
    0.8439991374810537,
    0.8471089493144642,
    0.8496990682500781,
    0.8522707828969667,
    0.8560092367909171,
    0.8623614040288058,
    0.8620541655656063,
    0.8551848151467063,
    0.8450686145912517,
    0.8357232032400189,
    0.8168719546361403,
    0.800880744601741,
    0.788929716204152,
    0.7802507570295623,
    0.7749041436296521,
    0.7709452464725032,
    0.7596441995013844,
    0.7687527447035818,
    0.7759711733370116,
    0.7812092746749069,
    0.7735132990461407,
    0.767492416230115,
    0.761499490701791,
    0.7554680957938685,
    0.7492967496315638,
    0.7307007475332781,
    0.7197225780198069,
    0.7083944091291139,
    0.7068154509320403,
    0.7063701672084404,
    0.7018746972987147,
    0.6983075814716744,
    0.6968017552386631,
    0.6920362873510881,
    0.6882437684319236,
    0.6860851202950333,
    0.6860700644778482,
    0.691214731471105,
    0.68684978579933,
    0.6851229678952333,
    0.683565799034003,
    0.6823779766758283,
    0.6878971344593799,
    0.6880326474254782,
    0.6867832672415357,
    0.6899463191176906,
    0.6873709600080143,
    0.6776366292527227,
    0.6708562906944391,
    0.6487411847620299,
    0.64167938404011,
    0.6544136319196585,
    0.6604547916036664,
    0.6767223359960498,
    0.6842239693258748,
    0.6972376342975732,
    0.7033047527074814,
    0.7069568453413068,
    0.7044430334459651,
    0.6924711538083625,
    0.6794045865535736,
    0.6691721158497261,
    0.6655988205562938,
    0.6689697029915723,
    0.6716639833016829,
    0.6819463318044489,
    0.6935648448539503,
    0.7046869505535472,
    0.7134419679641724,
    0.7204815754384706,
    0.7318582697348162,
    0.7426169514656067,
    0.7547286333459796,
    0.7678863866762682,
    0.7776649901361177,
    0.7860850122841921,
    0.790141126423171,
    0.7879146274292108,
    0.7903598050276438,
    0.7879495105960153,
    0.7951277530554569,
    0.8021623302589763,
    0.8131514381278645,
    0.8209498903968118,
    0.8263486840508201,
    0.834349659356204,
    0.8436759629032828,
    0.8539226750532786,
    0.862797038121657,
    0.8701823109930212,
    0.8772429805813413,
    0.8836605259866426,
    0.8779434272737214,
    0.876524648883126,
    0.874502802437002,
    0.8710857178225662,
    0.8730969248395978,
    0.8804562651749813,
    0.8861513300375505,
    0.8928293549653256,
    0.8961636658870813,
    0.9012233524611502,
    0.9032101721474619,
    0.9087847073872884,
    0.913849949836731,
    0.9187900821367899,
    0.9230975635123976,
    0.9238562096248973,
    0.9237336299636147,
    0.9254039399551622,
    0.9264677022442673,
    0.9222820906928091,
    0.9217533279548992,
    0.924847350879149,
    0.927078265132326,
    0.9294783274332682,
    0.931217094262441,
    0.9340858324007555,
    0.9323665264881018,
    0.9331483100399827,
    0.9331836014082937,
    0.9334548278288408,
    0.9330897042245576,
    0.9313869422132318,
    0.9321715759508538,
    0.9336145574396307,
    0.9353861736528801,
    0.9375048767436635,
    0.9394567861701503,
    0.9405417695189967,
    0.9418172438939413,
    0.943081507177064,
    0.9433999151894541,
    0.945195425640453,
    0.9453872532555552,
    0.9467672272162004,
    0.9473880168163415,
    0.945605097395001,
    0.9446399825992007,
    0.9420888189113501,
    0.9423185153440996,
    0.9432786955977931,
    0.9414438370502356,
    0.9423298059087811,
    0.9421514453309955,
    0.943008769642223,
    0.9435780879222986,
    0.9382353208281777,
    0.9354704492019884,
    0.9326147960894036,
    0.9282036676551356,
    0.9240548249446985,
    0.9219331127224546,
    0.9185732512763052,
    0.920355291077585,
    0.9242334365844727,
    0.9269289699467745,
    0.9296209306427927,
    0.9321233792738481,
    0.9296201178521821,
    0.9234220295241384,
    0.9193009788339789,
    0.914228764447299,
    0.9114532723571315,
    0.9046849445863203,
    0.9020798260515387,
    0.9024340663895463,
    0.9028507751045804,
    0.9013040553439747,
    0.8986925600153027,
    0.9022285414464546,
    0.9059497461174474,
    0.9013600511984392,
    0.8988214478348241,
